Time,u_noisy,theta,alpha
0.0,0.0,-0.0,-3.141592653589793
0.020566463470458984,0.0,-0.0,-3.141592653589793
0.04058265686035156,0.0,-0.0,-3.141592653589793
0.06059598922729492,0.0,-0.0,-3.141592653589793
0.08076882362365723,0.0,-0.0,-3.141592653589793
0.10115647315979004,0.0,-0.0,-3.141592653589793
0.1212761402130127,0.0,-0.0,-3.141592653589793
0.14162254333496094,0.0,-0.0,-3.141592653589793
0.16165804862976074,0.0,-0.0,-3.141592653589793
0.18215203285217285,0.0,-0.0,-3.141592653589793
0.20266032218933105,0.0,-0.0,-3.141592653589793
0.22315764427185059,0.0,-0.0,-3.141592653589793
0.24366140365600586,0.0,-0.0,-3.141592653589793
0.2641594409942627,0.0,-0.0,-3.141592653589793
0.2842905521392822,0.0,-0.0,-3.141592653589793
0.3046586513519287,0.0,-0.0,-3.141592653589793
0.3251614570617676,0.0,-0.0,-3.141592653589793
0.3452613353729248,0.0,-0.0,-3.141592653589793
0.3657033443450928,0.0,-0.0,-3.141592653589793
0.38573646545410156,0.0,-0.0,-3.141592653589793
0.40576767921447754,0.0,-0.0,-3.141592653589793
0.4261612892150879,0.0,-0.0,-3.141592653589793
0.4463663101196289,0.0,-0.0,-3.141592653589793
0.4666624069213867,0.0,-0.0,-3.141592653589793
0.48716068267822266,0.0,-0.0,-3.141592653589793
0.5072813034057617,0.0,-0.0,-3.141592653589793
0.5276620388031006,0.0,-0.0,-3.141592653589793
0.5481648445129395,0.0,-0.0,-3.141592653589793
0.5681874752044678,0.0,-0.0,-3.141592653589793
0.5886640548706055,0.0,-0.0,-3.141592653589793
0.6087791919708252,0.0,-0.0,-3.141592653589793
0.6292903423309326,0.0,-0.0,-3.141592653589793
0.6495304107666016,0.0,-0.0,-3.141592653589793
0.6695542335510254,0.0,-0.0,-3.141592653589793
0.6897640228271484,0.0,-0.0,-3.141592653589793
0.710167407989502,0.0,-0.0,-3.141592653589793
0.7306632995605469,0.0,-0.0,-3.141592653589793
0.7511651515960693,0.0,-0.0,-3.141592653589793
0.7716679573059082,0.0,-0.0,-3.141592653589793
0.7921688556671143,0.0,-0.0,-3.141592653589793
0.8121886253356934,0.0,-0.0,-3.141592653589793
0.8326704502105713,0.0,-0.0,-3.141592653589793
0.853191614151001,0.0,-0.0,-3.141592653589793
0.8732190132141113,0.0,-0.0,-3.141592653589793
0.8936915397644043,0.0,-0.0,-3.141592653589793
0.9141762256622314,0.0,-0.0,-3.141592653589793
0.9346742630004883,0.0,-0.0,-3.141592653589793
0.9551734924316406,0.0,-0.0,-3.141592653589793
0.975212812423706,0.0,-0.0,-3.141592653589793
0.9957079887390137,0.0,-0.0,-3.141592653589793
1.0161511898040771,0.0,-0.0,-3.141592653589793
1.0361778736114502,0.0,-0.0,-3.141592653589793
1.0566761493682861,0.0,-0.0,-3.141592653589793
1.0771710872650146,0.0,-0.0,-3.141592653589793
1.097217321395874,0.0,-0.0,-3.141592653589793
1.1177217960357666,0.0,-0.0,-3.141592653589793
1.138199806213379,0.0,0.0030679615757712823,3.13545673043825
1.1582138538360596,0.0,0.0030679615757712823,3.1231848841351653
1.1782286167144775,0.0,0.006135923151542565,3.1047771146805374
1.1982417106628418,0.0,0.015339807878856412,3.0863693452259096
1.2182562351226807,0.0,0.021475731030398976,3.064893614195511
1.2382721900939941,0.0,0.030679615757712823,3.0434178831651124
1.2583184242248535,0.0,0.03681553890925539,3.021942152134713
1.2783324718475342,0.0,0.03681553890925539,3.0004664211043135
1.2983472347259521,0.0,0.02761165418194154,2.9851266132254572
1.3183634281158447,0.0,0.01227184630308513,2.9667188437708294
1.3383774757385254,0.0,0.0030679615757712823,2.945243112740431
1.3583927154541016,0.0,-0.009203884727313847,2.9145634969827183
1.3784065246582031,0.0,-0.021475731030398976,2.8808159196492342
1.3984379768371582,0.0,-0.03681553890925539,2.837864457588436
1.4186794757843018,0.0,-0.04601942363656923,2.7826411492245526
1.4386942386627197,0.0,-0.05522330836388308,2.72741784086067
1.4592111110687256,0.0,-0.06442719309119693,2.666058609345244
1.4792234897613525,0.0,-0.07363107781851078,2.589359569950963
1.4992380142211914,0.0,-0.07976700097005335,2.5034566458293668
1.5192527770996094,0.0,-0.08283496254582462,2.4022139138289145
1.5392651557922363,0.0,-0.0859029241215959,2.2979032202526906
1.5592825412750244,0.0,-0.09510680884890975,2.1935925266764666
1.5792977809906006,0.0,-0.1043106935762236,2.086213871524472
1.599679946899414,0.0,-0.11351457830353745,1.9757672547967058
1.6201822757720947,0.0,-0.1227184630308513,1.8653206380689396
1.6404430866241455,0.0,-0.12885438618239387,1.7548740213411733
1.6606857776641846,0.0,-0.1380582709097077,1.6474953661891787
1.6811840534210205,0.0,-0.14726215563702155,1.540116711037184
1.7016866207122803,0.0,-0.1564660403643354,1.4388739790367318
1.722184181213379,0.0,-0.16873788666742054,1.3406992086120502
1.7426979541778564,0.0,-0.17794177139473438,1.2425244381873695
1.763200044631958,0.0,-0.18407769454627693,1.150485590914231
1.7836863994598389,0.0,-0.1932815792735908,1.0523108204895504
1.8041801452636719,0.0,-0.19634954084936207,0.9541360500648688
1.8246848583221436,0.0,-0.19941750242513334,0.8498253564886458
1.8451850414276123,0.0,-0.19941750242513334,0.7455146629124219
1.8656821250915527,0.0,-0.19941750242513334,0.6350680461846556
1.8857016563415527,0.0,-0.20248546400090464,0.536893275759974
1.9058294296264648,0.0,-0.1932815792735908,0.4540583132141496
1.9261863231658936,0.0,-0.18407769454627693,0.38042723539563905
1.9466838836669922,1.0,-0.18407769454627693,0.2975922728498146
1.9672024250030518,10.0,-0.1902136176978195,0.22396119503130407
1.9876933097839355,-10.0,-0.2699806186678728,0.15033011721279266
2.0081899166107178,-10.0,-0.16260196351587797,0.05829126993965428
2.0286872386932373,3.632217381620566,-0.06442719309119693,0.1349903093339364
2.049189805984497,7.940456910072742,-0.009203884727313847,0.22089323345553247
2.0696890354156494,2.5721828440683145,-0.10124273200045232,0.11658253987930856
2.0897092819213867,-9.36669402405495,-0.24236896448593132,-0.07669903939428213
2.1102113723754883,-10.0,-0.2239611950313036,-0.13805827090970801
2.1306893825531006,-0.243995376326259,-0.07976700097005335,0.04295146206079803
2.151188850402832,10.0,0.09510680884890975,0.23930100291016032
2.1716904640197754,6.573964671311261,-0.018407769454627694,0.199417502425133
2.192190408706665,-7.088816866256359,-0.1932815792735908,0.0
2.212688446044922,-9.364977679996286,-0.20248546400090464,-0.14419419406125034
2.2327232360839844,-4.642240319868532,-0.1043106935762236,-0.015339807878856249
2.25319242477417,10.0,0.04601942363656923,0.18100973297050515
2.2732322216033936,10.0,0.0030679615757712823,0.1932815792735907
2.2937123775482178,-4.645430704706658,-0.19634954084936207,-0.012271846303084644
2.3142104148864746,-10.0,-0.3190680038802134,-0.22396119503130407
2.33469295501709,-9.384494693050133,-0.18100973297050565,-0.15339807878856426
2.355193614959717,7.0135657042564095,0.015339807878856412,0.1012427320004523
2.375697135925293,10.0,0.06442719309119693,0.20862138715244782
2.3961985111236572,-1.3151255418231178,-0.11044661672776616,0.04908738521234035
2.4162180423736572,-10.0,-0.2454369260617026,-0.13805827090970801
2.4366953372955322,-5.27941312849204,-0.18407769454627693,-0.11351457830353695
2.4571995735168457,8.606645491761313,-0.04601942363656923,0.00613592315154321
2.4777112007141113,5.683534588517844,-0.07056311624273949,-0.009203884727313927
2.498216152191162,-5.721401696970919,-0.28532042654672923,-0.1288543861823932
2.5186984539031982,-3.3236313764963024,-0.2975922728498144,-0.15953400194010658
2.539193868637085,1.335167833649887,-0.15339807878856412,-0.0674951546669682
2.559783935546875,4.318345086534977,-0.13192234775816514,-0.018407769454627854
2.580197334289551,2.0799271863506643,-0.15033011721279282,-0.03988350048502731
2.6002955436706543,-3.000523123422661,-0.1564660403643354,-0.030679615757712497
2.620701313018799,2.7769712979698955,-0.14726215563702155,0.0
2.640988349914551,4.54897800961327,-0.1349903093339364,0.027611654181940892
2.661008358001709,1.0490576821941902,-0.1349903093339364,0.030679615757712497
2.6810226440429688,0.3961008665092086,-0.1349903093339364,0.027611654181940892
2.7010369300842285,1.9773656510294975,-0.12885438618239387,0.03681553890925571
2.7210519313812256,2.514493287612418,-0.12885438618239387,0.04295146206079803
2.7410659790039062,1.5464209222835166,-0.12885438618239387,0.04295146206079803
2.761079788208008,1.2681696144976455,-0.13192234775816514,0.03988350048502731
2.7812023162841797,1.6935140891220224,-0.13192234775816514,0.03681553890925571
2.8017048835754395,-0.5345119825573728,-0.13192234775816514,0.0337475773334841
2.822206497192383,-0.7227540265440876,-0.13192234775816514,0.0337475773334841
2.8427011966705322,-0.2838608816438323,-0.12885438618239387,0.03988350048502731
2.8627378940582275,0.11977053057982556,-0.12578642460662257,0.03988350048502731
2.883201837539673,-0.7706467476670844,-0.11965050145508001,0.03988350048502731
2.903702735900879,1.337159315745104,-0.10124273200045232,0.046019423636568746
2.924201726913452,1.9449732254679646,-0.08283496254582462,0.061359231515424995
2.9447057247161865,2.6285624502244054,-0.07363107781851078,0.07976700097005285
2.9650347232818604,2.9348012224948854,-0.07669903939428206,0.07976700097005285
2.985201597213745,1.4289184338970224,-0.09510680884890975,0.052155346788111956
3.005730628967285,-2.2685476347548077,-0.11658253987930872,0.012271846303084644
3.02620530128479,-2.4490931821711595,-0.12578642460662257,-0.015339807878856249
3.0467023849487305,-1.592402523381327,-0.11044661672776616,-0.018407769454627854
3.0667970180511475,-0.9118985990514997,-0.0674951546669682,0.012271846303084644
3.0872080326080322,0.6875900637336878,-0.02761165418194154,0.0644271930911966
3.1077263355255127,2.482587900047938,-0.009203884727313847,0.12271846303085177
3.1282076835632324,3.3206008659534803,0.0030679615757712823,0.1687378866674205
3.148226261138916,2.3772864857419522,-0.006135923151542565,0.15646604036433587
3.1687116622924805,-1.6325551467814023,-0.0674951546669682,0.08590292412159606
3.189204454421997,-3.655898698964879,-0.1564660403643354,-0.018407769454627854
3.209709882736206,-4.6979602817159405,-0.1718058482431918,-0.052155346788111956
3.2302064895629883,-0.8493531288209208,-0.12885438618239387,-0.02147573103039946
3.250708818435669,1.6010522096819297,-0.06135923151542565,0.061359231515424995
3.271207094192505,3.5167575018078514,0.018407769454627694,0.1932815792735907
3.291731119155884,7.748372897803408,0.030679615757712823,0.20862138715244782
3.312208414077759,-1.6720881293028116,-0.02454369260617026,0.11351457830353695
3.332728624343872,-7.886401436950594,-0.12885438618239387,-0.03681553890925571
3.35321044921875,-6.208838444126557,-0.27304858024364415,-0.2270291566070748
3.373711347579956,-9.968347163199047,-0.23930100291016002,-0.2669126570921012
3.393742561340332,-4.138422789022583,-0.10737865515199488,-0.15033011721279266
3.4142329692840576,6.416939367514145,0.030679615757712823,0.08283496254582445
3.4347102642059326,10.0,0.18714565612204823,0.294524311274043
3.455214262008667,6.807180190581743,0.16260196351587797,0.24850488763747336
3.4757161140441895,-8.685752680067745,-0.009203884727313847,0.0674951546669682
3.496217966079712,-8.183122141963537,-0.2791845033951867,-0.2270291566070748
3.516716241836548,0.0,-0.34054373491061235,-0.4049709280018092
3.537215232849121,-1.0,-0.21475731030398976,-0.3344078117590694
3.5577147006988525,-10.0,-0.04908738521234052,-0.0981747704246807
3.578212022781372,10.0,0.10737865515199488,0.17794177139473444
3.5982325077056885,10.0,0.1595340019401067,0.22396119503130407
3.6187331676483154,-10.0,0.1564660403643354,0.1963495408493623
3.6392133235931396,-0.7890071674870156,-0.05522330836388308,0.07056311624273981
3.6597166061401367,8.849007687970749,-0.2975922728498144,-0.20862138715244782
3.680215835571289,-10.0,-0.18407769454627693,-0.25157284921324496
3.700721263885498,-5.475243924805227,-0.04908738521234052,-0.0337475773334841
3.7207374572753906,10.0,-0.16566992509164924,0.02147573103039946
3.7412540912628174,0.7482040012106708,-0.039883500485026674,-0.018407769454627854
3.76127028465271,-10.0,-0.01227184630308513,0.018407769454627854
3.7812843322753906,10.0,-0.23316507975861744,-0.03681553890925571
3.8017401695251465,5.78759051763853,-0.29145634969827183,-0.10431069357622391
3.822247266769409,-10.0,-0.04295146206079795,-0.024543692606170175
3.842730760574341,0.5147184598226484,-0.1932815792735908,0.009203884727313927
3.8632209300994873,10.0,-0.29145634969827183,-0.10431069357622391
3.883723258972168,-10.0,-0.09203884727313846,-0.08590292412159606
3.9042181968688965,-5.8568426893067,-0.018407769454627694,0.018407769454627854
3.9247193336486816,10.0,-0.23316507975861744,-0.04295146206079803
3.9452171325683594,-2.3982339091428884,-0.12885438618239387,-0.10737865515199552
3.9657232761383057,-10.0,-0.030679615757712823,0.0
3.986217737197876,10.0,-0.17487380981896308,0.024543692606170175
4.006724834442139,9.99813463116043,-0.2454369260617026,-0.09203884727313838
4.027237892150879,-10.0,-0.1043106935762236,-0.05829126993965428
4.047719717025757,3.225565021570816,-0.14112623248547898,0.03988350048502731
4.068221569061279,10.0,-0.23623304133438874,-0.061359231515424995
4.088721036911011,-10.0,-0.1564660403643354,-0.13805827090970801
4.109221935272217,-10.0,-0.07669903939428206,-0.018407769454627854
4.129726409912109,10.0,-0.17487380981896308,0.00613592315154321
4.149888753890991,1.2755959608346341,-0.12885438618239387,-0.1012427320004523
4.170229196548462,-10.0,-0.06442719309119693,-0.03988350048502731
4.190727472305298,10.0,-0.11044661672776616,0.07976700097005285
4.211227893829346,10.0,-0.1932815792735908,-0.012271846303084644
4.2317516803741455,-10.0,-0.1043106935762236,-0.10431069357622391
4.2522292137146,-10.0,-0.21475731030398976,-0.0337475773334841
4.272723436355591,10.0,-0.25464081078901646,-0.061359231515424995
4.293222427368164,-5.9771951789712725,-0.12885438618239387,-0.15033011721279266
4.3137290477752686,-10.0,-0.018407769454627694,-0.024543692606170175
4.3342249393463135,10.0,-0.0337475773334841,0.15953400194010658
4.354732275009155,10.0,0.04601942363656923,0.11965050145508016
4.375226736068726,-10.0,0.015339807878856412,0.0644271930911966
4.395733594894409,-2.5110738914439943,0.030679615757712823,0.18100973297050515
4.416232585906982,10.0,0.0030679615757712823,0.2024854640009046
4.436246395111084,-4.839152046861212,-0.07056311624273949,0.00613592315154321
4.456263065338135,-10.0,-0.06442719309119693,-0.07669903939428213
4.476278305053711,4.000168042507956,-0.04601942363656923,0.009203884727313927
4.496290445327759,10.0,-0.15033011721279282,-0.00613592315154321
4.516306161880493,-7.047081260839839,-0.11044661672776616,-0.027611654181940892
4.53632116317749,-6.692432165864933,0.0521553467881118,0.10431069357622391
4.55633544921875,10.0,0.12885438618239387,0.21782527187976086
4.576349496841431,8.96429257011613,0.03681553890925539,0.15646604036433587
4.596363544464111,-8.815123107656568,0.02454369260617026,0.0951068088489091
4.616377115249634,-2.4098707165395874,0.06442719309119693,0.15033011721279266
4.636393070220947,10.0,0.009203884727313847,0.11965050145508016
4.656409025192261,-3.8404720647454917,-0.14726215563702155,-0.0674951546669682
4.6764233112335205,-10.0,-0.1595340019401067,-0.11658253987930856
4.696750164031982,2.1307802722912377,-0.1043106935762236,-0.024543692606170175
4.717268466949463,10.0,-0.16566992509164924,-0.02147573103039946
4.737735033035278,-4.193324669733883,-0.14419419406125028,-0.03988350048502731
4.758232593536377,-5.1849031016652445,0.01227184630308513,0.05829126993965428
4.778730630874634,10.0,0.08897088569736719,0.13805827090970801
4.798770904541016,6.417768842421359,-0.07363107781851078,0.061359231515424995
4.819234848022461,-7.8322335336355735,-0.17487380981896308,-0.0644271930911966
4.839738368988037,-8.166222988180804,-0.1902136176978195,-0.07363107781851141
4.860236883163452,4.343386335305205,-0.2270291566070749,-0.0981747704246807
4.8807361125946045,-2.495066697988778,-0.3129320807286708,-0.17180584824319212
4.901235818862915,-9.550352383214227,-0.23009711818284617,-0.1349903093339364
4.921737432479858,1.2984733930947265,-0.05522330836388308,0.030679615757712497
4.942239046096802,10.0,0.09203884727313846,0.15953400194010658
4.9627368450164795,1.30350036252668,0.12885438618239387,0.17487380981896372
4.983258247375488,-4.005569433636082,0.1595340019401067,0.18714565612204836
5.003737688064575,5.4220413816358946,0.16260196351587797,0.19021361769781997
5.024235725402832,4.8534418049984644,-0.015339807878856412,0.1012427320004523
5.044739007949829,-1.9424049499985512,-0.23009711818284617,-0.0951068088489091
5.0652384757995605,-9.70577743816993,-0.3528155812136975,-0.22396119503130407
5.085740089416504,-3.0590281013377236,-0.3528155812136975,-0.20862138715244782
5.105850458145142,3.32495279732331,-0.33440781175906975,-0.18407769454627676
5.126242399215698,-3.4442454177028634,-0.303728196001357,-0.14726215563702105
5.146742820739746,-3.183944193969502,-0.1380582709097077,-0.052155346788111956
5.167240858078003,2.4459280114907935,0.04601942363656923,0.1012427320004523
5.187763929367065,6.7923477170087505,0.14112623248547898,0.17794177139473444
5.208243131637573,2.366912158771984,0.11351457830353745,0.15033011721279266
5.228744745254517,-1.5811820820818716,0.07669903939428206,0.12271846303085177
5.24924373626709,3.345976839743446,0.04601942363656923,0.1012427320004523
5.269742965698242,2.884880239496546,-0.05522330836388308,0.03988350048502731
5.290244102478027,-1.5793143539324141,-0.21475731030398976,-0.09203884727313838
5.310290098190308,-7.642552404744825,-0.32213596545598466,-0.18407769454627676
5.330739259719849,-3.972351112678858,-0.303728196001357,-0.15953400194010658
5.35124135017395,1.9315626239772046,-0.2638446955163303,-0.12578642460662248
5.371567726135254,-2.030057057736792,-0.25157284921324513,-0.11658253987930856
5.391746759414673,-4.040340957915397,-0.21782527187976106,-0.09203884727313838
5.412243843078613,-0.01094175429565758,-0.11044661672776616,-0.003067961575771605
5.432758331298828,3.680127589315493,0.021475731030398976,0.1012427320004523
5.453228950500488,2.5049231813602955,0.09203884727313846,0.15033011721279266
5.4734063148498535,-0.11769894328983777,0.11658253987930872,0.1656699250916489
5.493744134902954,0.919523021021827,0.12885438618239387,0.17487380981896372
5.51424765586853,1.9109856647690902,0.10124273200045232,0.15646604036433587
5.534745931625366,-0.3447045392034632,0.0337475773334841,0.10431069357622391
5.555246114730835,-2.230127239689619,-0.06135923151542565,0.02147573103039946
5.575346946716309,-3.450926918865818,-0.1380582709097077,-0.05522330836388356
5.595777988433838,-3.6924612134065127,-0.17794177139473438,-0.10737865515199552
5.616251230239868,-1.4063081554247412,-0.17794177139473438,-0.1288543861823932
5.6367528438568115,-0.8541761379035249,-0.15033011721279282,-0.11965050145508016
5.657267093658447,0.35910942278926183,-0.09203884727313846,-0.07056311624273981
5.67775297164917,2.6404999921790804,-0.0,0.027611654181940892
5.698256492614746,5.814669368632884,0.11965050145508001,0.1288543861823932
5.718271732330322,2.7347147312181086,0.2086213871524472,0.1932815792735907
5.7382872104644775,1.1362569256630901,0.23316507975861744,0.20862138715244782
5.758301734924316,1.0301510125268658,0.21168934872821848,0.1932815792735907
5.7783286571502686,0.6786192620431866,0.16566992509164924,0.15953400194010658
5.798795223236084,-0.444043301038926,0.06442719309119693,0.07363107781851141
5.819311857223511,-1.8593110783176163,-0.07669903939428206,-0.07669903939428213
5.839344024658203,-6.6796661781576105,-0.16873788666742054,-0.2024854640009046
5.8593590259552,-5.1374562255286484,-0.16260196351587797,-0.20862138715244782
5.879375696182251,2.5059648401947556,-0.11965050145508001,-0.1626019635158773
5.8997907638549805,1.9010561937990325,-0.0859029241215959,-0.11965050145508016
5.9203057289123535,-2.7506520123594367,-0.04601942363656923,-0.07056311624273981
5.940321922302246,0.21755929833412724,0.04908738521234052,0.027611654181940892
5.960337400436401,4.4107219480056274,0.19634954084936207,0.1656699250916489
5.980352401733398,5.372179645597575,0.2761165418194154,0.23930100291016032
6.000364065170288,1.548771697088327,0.24850488763747386,0.21475731030398926
6.020378112792969,-1.81853262308423,0.21168934872821848,0.19021361769781997
6.0403923988342285,1.555204964026601,0.1932815792735908,0.18407769454627676
6.060754776000977,2.4363636433963825,0.1380582709097077,0.14419419406125034
6.081254005432129,-2.007316249802651,0.01227184630308513,0.027611654181940892
6.101750373840332,-6.578854665265589,-0.11351457830353745,-0.1288543861823932
6.122252941131592,-8.681954175785222,-0.15033011721279282,-0.20862138715244782
6.14279317855835,-4.111861626501927,-0.1227184630308513,-0.20862138715244782
6.163256883621216,-1.222323118516138,-0.1043106935762236,-0.1963495408493623
6.18375825881958,-3.5249619257080997,-0.08897088569736719,-0.17180584824319212
6.204258680343628,-2.3408387749617066,-0.039883500485026674,-0.08590292412159606
6.224756956100464,3.9076573354218365,0.07363107781851078,0.05522330836388356
6.245257616043091,5.762030457946294,0.1902136176978195,0.17487380981896372
6.265280485153198,2.6111323378088254,0.2239611950313036,0.199417502425133
6.285759210586548,-0.996977631283293,0.18714565612204823,0.1656699250916489
6.3058106899261475,-0.6478412251944187,0.14112623248547898,0.1319223477581648
6.3262622356414795,0.6277532108591333,0.07056311624273949,0.07056311624273981
6.346792221069336,-2.8392631450956767,-0.0337475773334841,-0.05522330836388356
6.367262601852417,-8.549339464173192,-0.09203884727313846,-0.1687378866674205
6.387761116027832,-7.173005536376231,-0.07669903939428206,-0.20555342557667622
6.408260107040405,-2.2788694561904563,-0.030679615757712823,-0.17487380981896372
6.428761720657349,-0.5276662905111966,-0.0,-0.1349903093339364
6.449261426925659,-1.8304920140747278,0.009203884727313847,-0.0981747704246807
6.469444274902344,-0.8039407585786834,0.06135923151542565,-0.015339807878856249
6.489763975143433,3.4945801760433355,0.16260196351587797,0.08590292412159606
6.5102620124816895,5.087095554732455,0.23930100291016002,0.15339807878856426
6.530764818191528,2.7360824373742307,0.2270291566070749,0.1288543861823932
6.551284313201904,-0.7670780388861098,0.15339807878856412,0.05522330836388356
6.571366548538208,-1.3612859204280592,0.08283496254582462,-0.00613592315154321
6.591643333435059,0.23865369702192873,0.07363107781851078,-0.012271846303084644
6.61181378364563,1.9802637639013174,0.07056311624273949,-0.018407769454627854
6.632266521453857,-0.012810365534666301,0.05829126993965436,-0.0337475773334841
6.652765274047852,-0.73577077509438,0.06135923151542565,-0.03681553890925571
6.672802925109863,1.0155278600197122,0.07976700097005335,-0.02147573103039946
6.693325519561768,1.8107164056120761,0.10124273200045232,-0.003067961575771605
6.713343620300293,1.064611386872433,0.10737865515199488,-0.012271846303084644
6.733814239501953,-0.8584912696645588,0.1043106935762236,-0.0337475773334841
6.754273176193237,-0.7297759372378125,0.11658253987930872,-0.03988350048502731
6.774770259857178,0.7170443665045452,0.1380582709097077,-0.03681553890925571
6.794902801513672,0.40071709668734523,0.14112623248547898,-0.046019423636568746
6.815124750137329,-0.8019874162560641,0.12578642460662257,-0.0644271930911966
6.83532190322876,-0.6169519231187628,0.11658253987930872,-0.08590292412159606
6.855569362640381,-1.0034831765589969,0.11965050145508001,-0.0951068088489091
6.875767946243286,-0.5916902408007714,0.1380582709097077,-0.08897088569736766
6.8959150314331055,0.21481700467038034,0.14726215563702155,-0.08897088569736766
6.915997743606567,-2.590733555803751,0.15033011721279282,-0.0981747704246807
6.936204671859741,-3.365932467698101,0.15339807878856412,-0.10737865515199552
6.956378936767578,-2.8118862255152077,0.1595340019401067,-0.11044661672776623
6.9768829345703125,-2.392345764799701,0.16873788666742054,-0.11044661672776623
6.997390508651733,-2.75897618189044,0.1718058482431918,-0.10737865515199552
7.017780065536499,-0.3115778327090519,0.1718058482431918,-0.10737865515199552
7.038299322128296,-0.46898700233489476,0.1932815792735908,-0.08283496254582445
7.058800935745239,1.1412939963517172,0.24850488763747386,-0.009203884727313927
7.078921318054199,4.837666036410049,0.33440781175906975,0.11658253987930856
7.09908390045166,8.169687021171047,0.4111068511533518,0.20555342557667622
7.119257211685181,2.193275526577228,0.4663301595172349,0.25157284921324496
7.1394548416137695,0.7875327577274489,0.4816699673960913,0.25464081078901657
7.159634113311768,1.5247079958362417,0.45099035163837853,0.2270291566070748
7.180138111114502,0.3795426294702198,0.39269908169872414,0.18407769454627676
7.200659513473511,-0.6821990249234131,0.28532042654672923,0.09203884727313838
7.221062421798706,-3.8129005091674446,0.09817477042468103,-0.07363107781851141
7.241275072097778,-8.564161721508807,0.006135923151542565,-0.1963495408493623
7.2617738246917725,-7.124310779078506,0.0030679615757712823,-0.24850488763747336
7.2822794914245605,-4.029634508131527,0.04295146206079795,-0.2607767339405589
7.302797079086304,-4.9775053194638,0.08283496254582462,-0.24850488763747336
7.32327675819397,-4.09599671650219,0.11044661672776616,-0.21168934872821854
7.343776702880859,-0.9700342435159869,0.15033011721279282,-0.15033011721279266
7.364299297332764,-0.009142943647392099,0.26691265709210155,-0.015339807878856249
7.3843183517456055,4.228160855428152,0.42644665903220824,0.14419419406125034
7.404803514480591,5.832429165619115,0.5368932757599744,0.24543692606170264
7.424960136413574,2.2006911350953686,0.5859806609723149,0.2730485802436444
7.4452807903289795,-0.02047835970492118,0.6135923151542565,0.28532042654672907
7.465786933898926,2.6713942288488424,0.6105243535784852,0.28225246497095746
7.486290693283081,2.263603474674847,0.6013204688511713,0.2730485802436444
7.506783962249756,0.6116478469418603,0.5737088146692298,0.24236896448593193
7.526830673217773,-0.12678843727402356,0.4970097752749477,0.15953400194010658
7.547295570373535,-3.2278098219396103,0.3773592738198677,0.02147573103039946
7.567595720291138,-7.359760247241382,0.24236896448593132,-0.13805827090970801
7.587782621383667,-8.567238722226953,0.16260196351587797,-0.24236896448593193
7.607808828353882,-5.75130392931154,0.15033011721279282,-0.27918450339518674
7.627887487411499,-4.315387511332894,0.18100973297050565,-0.25464081078901657
7.648306608200073,-2.611526689323421,0.21475731030398976,-0.22089323345553247
7.668807744979858,-2.830351100008171,0.24236896448593132,-0.1932815792735907
7.6893250942230225,-3.2795518472661978,0.303728196001357,-0.12271846303085177
7.709337472915649,2.868211257217599,0.4387185053352934,0.046019423636568746
7.729455947875977,10.0,0.5921165841238575,0.21168934872821854
7.749471664428711,7.488389061785855,0.7179030087304801,0.337475773334841
7.769488096237183,0.0,0.8191457407309324,0.44792239006260726
7.789978981018066,0.0,0.8620972027917303,0.5031456984264899
7.810343027114868,0.0,0.859029241215959,0.5062136600022615
7.8308398723602295,0.0,0.8559612796401878,0.5062136600022615
7.851380348205566,0.0,0.7853981633974483,0.4878058905476337
7.871395826339722,0.0,0.7179030087304801,0.41417481272912315
7.891484975814819,-1.0,0.641203969336198,0.3282718886075271
7.911811351776123,10.0,0.6043884304269426,0.27611654181941603
7.931985378265381,-4.276087746669495,0.5982525072754,0.2699806186678728
7.952503442764282,-0.6870442084245013,0.5982525072754,0.2699806186678728
7.972519397735596,5.837493807700017,0.5890486225480862,0.2577087723647882
7.992790222167969,-0.012651713974589085,0.5706408530934585,0.23623304133438872
8.013209819793701,0.5387279747433488,0.5553010452146021,0.21475731030398926
8.033289194107056,3.695422502089095,0.5368932757599744,0.199417502425133
8.053792476654053,3.178763362566907,0.4387185053352934,0.07669903939428213
8.074293613433838,-6.698254218376636,0.36815538909255385,-0.024543692606170175
8.094791412353516,-3.2583300432145865,0.31600004230444206,-0.09203884727313838
8.115294694900513,-1.3491875223400305,0.24236896448593132,-0.1932815792735907
8.13547420501709,-9.232045027849978,0.2239611950313036,-0.2300971181828464
8.155795097351074,-5.170825454285826,0.23009711818284617,-0.21782527187976086
8.176293849945068,0.20822773115458304,0.21475731030398976,-0.2270291566070748
8.196809768676758,-5.633052839103583,0.2086213871524472,-0.24850488763747336
8.217288732528687,-5.356534490768566,0.26691265709210155,-0.18100973297050515
8.237583637237549,4.78282438753137,0.3374757733348411,-0.05829126993965428
8.257846355438232,7.50167484632573,0.39269908169872414,0.03988350048502731
8.278292179107666,1.8767524622811682,0.4540583132141498,0.10737865515199552
8.298792600631714,2.1835156440290038,0.4663301595172349,0.1288543861823932
8.319296598434448,1.458345397109921,0.42644665903220824,0.07976700097005285
8.339792966842651,-4.1722621337265995,0.4172427743048944,0.0644271930911966
8.360153198242188,-0.8696246158361638,0.4356505437595221,0.1012427320004523
8.380298852920532,4.443382102516571,0.4049709280018093,0.0674951546669682
8.400806903839111,-4.406070013936756,0.2699806186678728,-0.07056311624273981
8.421325445175171,-10.0,0.17487380981896308,-0.199417502425133
8.441338300704956,-6.614721649751263,0.18407769454627693,-0.22089323345553247
8.461352109909058,-0.9177147895597586,0.22089323345553233,-0.1963495408493623
8.481367826461792,-2.637861858569722,0.2699806186678728,-0.1319223477581648
8.501383066177368,1.3424059546672733,0.3374757733348411,-0.024543692606170175
8.521396398544312,6.470064526741015,0.3712233506683252,0.046019423636568746
8.541798114776611,2.90900259753834,0.38349519697141027,0.04908738521234035
8.561813354492188,-2.4390653754088065,0.49394181369917645,0.1288543861823932
8.582312822341919,6.492576076217386,0.5767767762450011,0.2270291566070748
8.602328062057495,7.448000522818981,0.5859806609723149,0.2331650797586171
8.62241792678833,-3.1640547417558396,0.5706408530934585,0.2024854640009046
8.642431735992432,-2.3711656519648967,0.5522330836388308,0.17794177139473444
8.662445306777954,2.7460968557217806,0.4878058905476339,0.11965050145508016
8.682802200317383,-2.5395284946180987,0.3957670432744954,0.003067961575771605
8.702818870544434,-8.886710548613998,0.3712233506683252,-0.052155346788111956
8.722833633422852,-1.8382365943757875,0.36815538909255385,-0.061359231515424995
8.742848634719849,0.675101887299467,0.32520392703175593,-0.0981747704246807
8.762879848480225,-5.865279380488137,0.3313398501832985,-0.1012427320004523
8.783397436141968,-3.070653103588146,0.3773592738198677,-0.04908738521234035
8.803836345672607,3.1147130668233913,0.4141748127291231,0.015339807878856249
8.82430386543274,1.4246865470559493,0.4356505437595221,0.05522330836388356
8.844802379608154,-1.418508475408466,0.5276893910326605,0.14112623248547962
8.865308284759521,4.065393538047992,0.5829126993965437,0.21782527187976086
8.885802507400513,5.099604502484981,0.5706408530934585,0.199417502425133
8.906300783157349,-3.7900422022272346,0.5583690067903734,0.17487380981896372
8.9268057346344,-1.1117328026161417,0.5645049299419159,0.18714565612204836
8.947350263595581,4.729855441893916,0.5460971604872883,0.1656699250916489
8.96780276298523,-1.7308551747073668,0.5031456984264903,0.11351457830353695
8.988312721252441,-4.427108347107603,0.4693981210930062,0.0644271930911966
9.008327007293701,-0.9782213208707783,0.44178646691106466,0.02147573103039946
9.028807163238525,-1.9522994319263205,0.3650874275167826,-0.07669903939428213
9.049304246902466,-8.212376282230611,0.29145634969827183,-0.18100973297050515
9.069377899169922,-7.689257219229596,0.303728196001357,-0.199417502425133
9.089809656143188,-1.3058129984308262,0.30679615757712825,-0.22396119503130407
9.1098473072052,-5.444029961082729,0.2791845033951867,-0.2914563496982723
9.130310297012329,-10.0,0.28838838812250056,-0.30986411915290013
9.150810241699219,-3.946795123505067,0.3190680038802134,-0.27918450339518674
9.171312093734741,-0.7129672431822773,0.34054373491061235,-0.24236896448593193
9.191809177398682,-4.149215845780272,0.380427235395639,-0.18714565612204836
9.212066411972046,-2.069287164571408,0.5062136600022615,-0.030679615757712497
9.232317686080933,7.346443203795799,0.5921165841238575,0.14112623248547962
9.252551794052124,8.199225258381318,0.5982525072754,0.1932815792735907
9.272568464279175,-2.4019633474921336,0.6043884304269426,0.17487380981896372
9.29280972480774,-3.5657902248346187,0.6258641614573416,0.18407769454627676
9.312825202941895,4.274078355354015,0.6166602767300278,0.17487380981896372
9.333353042602539,0.47163224223495925,0.5982525072754,0.15033011721279266
9.35385799407959,-3.201193245092642,0.5982525072754,0.15033011721279266
9.374310731887817,1.8225117192577756,0.5614369683661447,0.14726215563702105
9.394814729690552,2.22357299926923,0.47553404424454876,0.05829126993965428
9.415317058563232,-7.558847091661476,0.30066023442558565,-0.1349903093339364
9.435813188552856,-10.0,0.23316507975861744,-0.22396119503130407
9.455958843231201,-2.5761514269095556,0.2761165418194154,-0.2024854640009046
9.476130962371826,0.6576169710356854,0.28838838812250056,-0.2270291566070748
9.496675252914429,-9.319194569093861,0.2791845033951867,-0.2914563496982723
9.516839027404785,-10.0,0.2791845033951867,-0.3282718886075271
9.536864519119263,0.0,0.260776733940559,-0.3712233506683251
9.557322025299072,0.0,0.2454369260617026,-0.41417481272912315
9.577815055847168,0.0,0.30066023442558565,-0.38349519697140977
9.597918272018433,-1.0,0.44178646691106466,-0.25157284921324496
9.618317127227783,-10.0,0.5645049299419159,-0.08897088569736766
9.638816118240356,10.0,0.5737088146692298,-0.02147573103039946
9.658939123153687,10.0,0.6013204688511713,0.061359231515424995
9.679140090942383,-10.0,0.6504078540635119,0.17794177139473444
9.699350595474243,10.0,0.6473398924877406,0.18100973297050515
9.719820499420166,6.079572982483983,0.607456392002714,0.11044661672776623
9.740322828292847,-9.280563050941272,0.5675728915176872,0.024543692606170175
9.760370254516602,-2.567335001265461,0.5399612373357456,-0.04908738521234035
9.780880212783813,0.9803626202719452,0.5890486225480862,-0.027611654181940892
9.80139946937561,-0.8964343333620821,0.4816699673960913,-0.02147573103039946
9.82192587852478,1.2006521012569187,0.30066023442558565,-0.1963495408493623
9.842433214187622,-10.0,0.29145634969827183,-0.31600004230444156
9.86257028579712,-10.0,0.14726215563702155,-0.3405437349106126
9.882753610610962,0.0,0.1043106935762236,-0.41110685115335244
9.903309106826782,0.0,0.23623304133438874,-0.44178646691106493
9.92383599281311,0.0,0.3098641191528995,-0.41417481272912315
9.944338321685791,0.0,0.3528155812136975,-0.3926990816987246
9.964558601379395,0.0,0.3436116964863836,-0.38349519697140977
9.985065937042236,0.0,0.3190680038802134,-0.3681553890925535
10.005579233169556,-1.0,0.33440781175906975,-0.3252039270317564
10.025831699371338,-10.0,0.45712627478992107,-0.1626019635158773
10.046087503433228,10.0,0.6227961998815703,0.07669903939428213
10.0662841796875,10.0,0.7209709703062513,0.24543692606170264
10.086806297302246,-10.0,0.7792622402459057,0.3344078117590694
10.106868982315063,0.0,0.7976700097005334,0.35281558121369727
10.12702989578247,1.0,0.7915340865489908,0.337475773334841
10.147248983383179,8.997628179222993,0.782330201821677,0.31906800388021317
10.167438745498657,1.9395366525237168,0.7792622402459057,0.31293208072867085
10.18795394897461,0.0,0.8099418560036186,0.34974761963792567
10.208460330963135,0.0,0.7485826244881929,0.4663301595172351
10.228486776351929,0.0,0.7240389318820226,0.47553404424454904
10.248833417892456,0.0,0.8130098175793898,0.4264466590322087
10.269340991973877,0.0,0.8344855486097889,0.48166996739609136
10.289850950241089,0.0,0.8344855486097889,0.5184855063053462
10.310336589813232,0.0,0.7025632008516236,0.4939418136991769
10.330352783203125,0.0,0.6504078540635119,0.432582582183751
10.350836038589478,0.0,0.6320000846088841,0.41417481272912315
10.371357679367065,0.0,0.6381360077604268,0.4571262747899212
10.391867637634277,0.0,0.6565437772150544,0.527689391032661
10.411964893341064,0.0,0.6780195082454534,0.613592315154257
10.432465076446533,0.0,0.6902913545485385,0.7117670855789378
10.452831029891968,0.0,0.6872233929727672,0.8191457407309324
10.473329782485962,0.0,0.6780195082454534,0.9050486648525284
10.493829011917114,0.0,0.662679700366597,0.9664078963679543
10.514344692230225,0.0,0.6442719309119693,1.0492428589137788
10.534378290176392,0.0,0.6227961998815703,1.1382137446111456
10.554835081100464,0.0,0.5951845456996288,1.2333205534600555
10.574949979782104,0.0,0.5706408530934585,1.3406992086120502
10.595334768295288,0.0,0.5553010452146021,1.4480778637640448
10.61540174484253,0.0,0.543029198911517,1.5554565189160403
10.635833024978638,0.0,0.5338253141842031,1.6597672124922642
10.655874013900757,0.0,0.521553467881118,1.7610099444927165
10.676337480545044,0.0,0.5031456984264903,1.8683885996447112
10.696834564208984,0.0,0.47860200582032003,1.9972429858271052
10.716882944107056,0.0,0.4387185053352934,2.1598449493429825
10.737332105636597,0.0,0.3712233506683252,2.353126528616574
10.757843494415283,0.0,0.26691265709210155,2.580155685223648
10.778333902359009,0.0,0.12578642460662257,2.840932419164208
10.79883623123169,0.0,0.02454369260617026,3.074097498922825
10.818904876708984,0.0,-0.021475731030398976,-3.095573229953224
10.839152574539185,0.0,-0.018407769454627694,-3.08636934522591
10.859338760375977,0.0,0.006135923151542565,-3.126252845710937
10.879833459854126,0.0,0.030679615757712823,3.1139809994078522
10.90033745765686,0.0,0.05522330836388308,3.0710295373470533
10.920864820480347,0.0,0.07669903939428206,3.037281960013569
10.941337585449219,0.0,0.09510680884890975,3.0096703058316283
10.961837768554688,0.0,0.1043106935762236,2.994330497952772
10.982353448867798,0.0,0.11044661672776616,2.9912625363770005
11.002841234207153,0.0,0.10737865515199488,3.0004664211043135
11.023351430892944,0.0,0.10124273200045232,3.021942152134713
11.043839931488037,0.0,0.09203884727313846,3.0495538063166547
11.064340591430664,0.0,0.07669903939428206,3.0863693452259096
11.084356546401978,0.0,0.06442719309119693,3.1231848841351653
11.104372262954712,0.0,0.05522330836388308,-3.1231848841351653
11.124385356903076,0.0,0.04601942363656923,-3.0925052683774528
11.144400119781494,0.0,0.04295146206079795,-3.0710295373470538
11.164427280426025,0.0,0.04295146206079795,-3.0587576910439687
11.18444013595581,0.0,0.04908738521234052,-3.055689729468197
11.204843759536743,0.0,0.06135923151542565,-3.06182565261974
11.224857330322266,0.0,0.07363107781851078,-3.077165460498596
11.245373010635376,0.0,0.09203884727313846,-3.098641191528995
11.265387058258057,0.0,0.11044661672776616,-3.126252845710937
11.285402774810791,0.0,0.13192234775816514,3.1293208072867085
11.30541706085205,0.0,0.15033011721279282,3.101709153104766
11.32543134689331,0.0,0.16566992509164924,3.0771654604985965
11.345847129821777,0.0,0.17794177139473438,3.0618256526197403
11.365862607955933,0.0,0.18407769454627693,3.0495538063166547
11.386378049850464,0.0,0.18714565612204823,3.0495538063166547
11.406461715698242,0.0,0.18407769454627693,3.055689729468197
11.42684268951416,0.0,0.18100973297050565,3.0679615757712817
11.447153806686401,0.0,0.1718058482431918,3.0863693452259096
11.467180252075195,0.0,0.16260196351587797,3.107845076256309
