iter,y0,y1,u0
0,0.0,0.5,0.0
1,0.015057089299530273,0.5263888011757576,-50.194522424999995
2,-0.43982520830045535,0.11064823370976773,9.305338127190685
3,-1.2965558262429804,-0.6987081490676699,35.299576923196966
4,-1.7494177856617785,-1.1393780239174915,27.696652545148318
5,-1.641252589074718,-1.0756237660495338,12.064826723234829
6,-1.200538103269187,-0.7312039266195055,1.1011248631815511
7,-0.6723827089436526,-0.3335217832339357,-4.025452287884494
8,-0.19365070100015694,-0.00014949392105564202,-5.707629091339835
9,0.18770359992194002,0.23660510741521426,-5.899476002084043
10,0.4672317545294322,0.3831722481890054,-5.507433599793729
11,0.655783098587254,0.4570287677571667,-4.855096906208412
12,0.7682618940007577,0.4763442679431501,-4.077916085951947
13,0.8201333422660155,0.4573468311255508,-3.2697058307699183
14,0.8261096673788443,0.4137627153631256,-2.5027784601746497
15,0.7993167622976235,0.3566182420946111,-1.8225370859059034
16,0.7507822081748825,0.2942368655404586,-1.2489648102748552
17,0.6892835713093202,0.2324698881431803,-0.7842348977010296
18,0.6214798604877502,0.17509487905549811,-0.4205052609303974
19,0.5521961335103389,0.12427105635670041,-0.14532629884338155
20,0.484756709592027,0.08096877001952528,0.05522458554842228
21,0.42130747593885265,0.04533371340796693,0.19484800819763498
22,0.36310096254520313,0.016976425980628988,0.28612696100502316
23,0.310735739417948,-0.004808032524729302,0.34008946609925833
24,0.26435005477550955,-0.020880255905250594,0.3660577443655461
25,0.22377347162368139,-0.03214546527069302,0.37167997316308504
26,0.18864200826321786,-0.03948073545822412,0.36306961212128575
27,0.15848288299955843,-0.04369108874070923,0.3449975908307557
28,0.13277482673010718,-0.04548652815943155,0.3211005954556207
29,0.11098935387573294,-0.045473610565723216,0.29408316950955876
30,0.0926176043850431,-0.04415659700467497,0.2659016047920983
31,0.0771865479658893,-0.04194447183143011,0.23792422430592874
32,0.06426756954426542,-0.03916115681871282,0.21106669868646166
33,0.053479776465467595,-0.036057065990607234,0.18590338713357424
34,0.04448979761252052,-0.032820774172739174,0.16275695925223213
35,0.037009380747741794,-0.029590037673429062,0.1417691234347754
36,0.03079172726630167,-0.02646174006313428,0.12295541692075634
37,0.025627219999333425,-0.023500568106044843,0.1062468788273283
38,0.021338985679955843,-0.02074637707591517,0.09152115155110477
39,0.01777857579363868,-0.018220301309005253,0.07862521849360754
40,0.014821935814371238,-0.015929721201823968,0.06739163756805873
41,0.012365753082032308,-0.01387222460326897,0.057649799859580575
42,0.010324219405127052,-0.012038708237487343,0.049233446492167106
43,0.008626209148372442,-0.010415760452693549,0.041985420520084644
44,0.007212851822018735,-0.008987455246449774,0.03576041527420237
45,0.006035465996527464,-0.007736672650940789,0.030426303620873434
46,0.0050538156946137655,-0.006646044495465626,0.02586448994904375
47,0.004234649034875884,-0.0056986087721483634,0.02196961365468004
48,0.003550480212197534,-0.004878241183923502,0.018648844667687556
49,0.00297857876998781,-0.004169919401265047,0.015820943706749302
50,0.0025001337740762296,-0.0035598642660252507,0.013415208486994002
51,0.002099564424954381,-0.003035592648835936,0.011370388637449571
52,0.001763952519363501,-0.0025859087763599026,0.009633623760245784
53,0.001482575801678841,-0.0022008544256592903,0.008159438548145322
54,0.0012465245286947958,-0.0018716332417167314,0.006908814294662988
55,0.0010483864672294627,-0.0015905203759461392,0.005848345996329699
56,0.0008819880499249206,-0.0013507654849916795,0.004949487400357663
57,0.0007421815513285984,-0.0011464947051249344,0.004187881900330885
58,0.0006246699469706563,-0.0009726153841822321,0.0035427744488331996
59,0.0005258626213926938,-0.0008247259878805421,0.0029964981295491555
60,0.0004427563366383836,-0.0006990325985965237,0.002534028334601048
61,0.0003728368985749047,-0.0005922727088562684,0.002142597349537659
62,0.00031399779933772844,-0.0005016465115881756,0.0018113623594348323
63,0.00026447280102054,-0.0004247555511314599,0.001531120313998595
64,0.00022277998520984097,-0.00035954838105209223,0.001294063629351613
65,0.00018767524787845858,-0.0003042727444056866,0.0010935712928867442
66,0.00015811358865755427,-0.0002574337242269711,0.0009240305315088721
67,0.00013321684352634797,-0.00021775728781182037,0.0007806847753279862
68,0.00011224675361476587,-0.0001841586536625763,0.000659504182339065
69,9.458246084387638e-05,-0.0001557149343807766,0.0005570754765637047
70,7.970168226905472e-05,-0.00013164154476365478,0.000470508289453259
71,6.716494631922307e-05,-0.00011127190651727001,0.000397355582353733
72,5.6602381357480044e-05,-9.404002560046492e-05,0.0003355460688536645
73,4.7702634728337976e-05,-7.946556273471123e-05,0.0002833268533711576
74,4.020357240881381e-05,-6.714106041937679e-05,0.00023921476044545998
75,3.388446852297362e-05,-5.672102988578131e-05,0.00020195505208583692
76,2.8559442707049414e-05,-4.791263826696374e-05,0.00017048642231264448
77,2.4071943552176126e-05,-4.046776962877332e-05,0.0001439113225709051
78,2.029010965721642e-05,-3.4176263389192326e-05,0.0001214708125573535
79,1.7102867448951123e-05,-2.8860160171274628e-05,0.00010252325136784984
80,1.4416647885773885e-05,-2.4368808498647684e-05,8.65262465832287e-05
81,1.2152623277146562e-05,-2.0574706204530523e-05,7.30213664571853e-05
82,1.0244381394239679e-05,-1.7369968258332283e-05,6.162119492322239e-05
83,8.635967363985978e-06,-1.466332819261061e-05,5.199837258260858e-05
84,7.280234976631179e-06,-1.2377593702536107e-05,4.387632079545203e-05
85,6.137458363132385e-06,-1.0447488538812359e-05,3.702139186906776e-05
86,5.174162815946832e-06,-8.81782275205524e-06,3.12362273190563e-05
87,4.362140084701342e-06,-7.4419418792073704e-06,2.63541392926245e-05
88,3.6776189838029433e-06,-6.280412976216992e-06,2.2234358365737504e-05
89,3.100566773956197e-06,-5.299911660558915e-06,1.8758014801482047e-05
90,2.6141006666430435e-06,-4.47227967717852e-06,1.582474062278782e-05
91,2.203992068970699e-06,-3.7737270689979364e-06,1.334979704989788e-05
92,1.8582489353332948e-06,-3.1841569287878994e-06,1.1261646442890197e-05
93,1.5667639052172777e-06,-2.686594028906453e-06,9.499900264458669e-06
94,1.3210178528415568e-06,-2.266701452098487e-06,8.013585071861182e-06
95,1.113830112535033e-06,-1.9123717517894976e-06,6.7596774433219075e-06
96,9.391480227980436e-07,-1.6133812156599081e-06,5.701866284528011e-06
97,7.918695930019268e-07,-1.3610975446246e-06,4.80950735040523e-06
98,6.676940742134649e-07,-1.1482327359950474e-06,4.056740230396205e-06
99,5.629960387431693e-07,-9.686342133749623e-07,3.421742630197474e-06
100,4.747192661436799e-07,-8.1710830991597e-07,2.886100665144298e-06
101,4.002873170838552e-07,-6.89271114278386e-07,2.4342771670792573e-06
102,3.3752816809353023e-07,-5.814224541873416e-07,2.0531627883306116e-06
103,2.8461069417195715e-07,-4.904394414652718e-07,1.7316970404071098e-06
104,2.399911349341503e-07,-4.13686552424626e-07,1.4605483965558616e-06
105,2.0236797364993805e-07,-3.4893968347539704e-07,1.2318442718898723e-06
106,1.706439058955945e-07,-2.9432201646595675e-07,1.0389431194070257e-06
107,1.4389378289973696e-07,-2.4824986245413687e-07,8.76242084793575e-07
108,1.2133759018046624e-07,-2.093869354960046e-07,7.390146812204826e-07
109,1.0231766992345808e-07,-1.7660574745593126e-07,6.232738060700285e-07
110,8.627952010585119e-08,-1.4895501741827584e-07,5.256561489356791e-07
111,7.275560830385389e-08,-1.256321606499737e-07,4.4332465487874297e-07
112,6.135172652800532e-08,-1.0596006700279568e-07,3.73886226214727e-07
113,5.173548791525295e-08,-8.936750120667477e-08,3.153222847661696e-07
114,4.362662886622287e-08,-7.537256112730133e-08,2.659301870373191e-07
115,3.678883309756518e-08,-6.356871765441673e-08,2.2427379768284908e-07
116,3.102283863965163e-08,-5.361303391941754e-08,1.8914179088787745e-07
117,2.616062636014193e-08,-4.521622410214871e-08,1.5951247239820747e-07
118,2.206052023817579e-08,-3.813426494702932e-08,1.3452410331760154e-07
119,1.8603056282190144e-08,-3.216131776630365e-08,1.1344986582270383e-07
120,1.5687499459958607e-08,-2.7123756431430256e-08,9.567674519401838e-08
121,1.3228906952274522e-08,-2.2875128715505217e-08,8.068771587912243e-08
122,1.115565200762611e-08,-1.9291905257974414e-08,6.804671494780816e-08
123,9.407336132539112e-09,-1.6269893145548982e-08,5.738596702005639e-08
124,7.933028695522653e-09,-1.3721210289494803e-08,4.8395292871111465e-08
125,6.689782584158798e-09,-1.1571732978280845e-08,4.081309140584824e-08
126,5.641382614906661e-09,-9.758942659990835e-09,3.441873320572856e-08
127,4.757290189649036e-09,-8.230109553135869e-09,2.9026144785443803e-08
128,4.011753420764022e-09,-6.940760428986463e-09,2.4478397235030014e-08
129,3.3830567751435257e-09,-5.853386133312162e-09,2.064314206485806e-08
130,2.8528883583379834e-09,-4.9363513570581e-09,1.740876165782964e-08
131,2.405806391910307e-09,-4.162975023845075e-09,1.4681122476545868e-08
132,2.0287893304499206e-09,-3.510754606044558e-09,1.2380836673561616e-08
133,1.7108565040829535e-09,-2.960711853099776e-09,1.0440952516494074e-08
134,1.4427482289849363e-09,-2.49684093611097e-09,8.805006494558992e-09
135,1.2166560624294057e-09,-2.1056429831143985e-09,7.4253804797637e-09
136,1.0259953409268523e-09,-1.7757334857705057e-09,6.261916179049528e-09
137,8.652133727083228e-10,-1.4975111727789068e-09,5.280746590085606e-09
138,7.296276951694286e-10,-1.2628787294084042e-09,4.453310480030344e-09
139,6.152896842473453e-10,-1.0650072476865942e-09,3.755521226282373e-09
140,5.188695416279852e-10,-8.981375616027353e-10,3.167065845441774e-09
141,4.3755930873153504e-10,-7.574126929092302e-10,2.670813821595325e-09
142,3.689910817774834e-10,-6.387365367925975e-10,2.2523185375118486e-09
143,3.1116804520861024e-10,-5.386546790112267e-10,1.89939680505815e-09
144,2.6240631427630066e-10,-4.5425387916251765e-10,1.6017742623521926e-09
145,2.212858925493955e-10,-3.830772971927291e-10,1.3507863207883608e-09
146,1.866093156892869e-10,-3.2305299783249486e-10,1.1391259607739956e-09
147,1.5736677677817778e-10,-2.7243365360462743e-10,9.606310377425611e-10
148,1.3270671732399888e-10,-2.2974569260887617e-10,8.10104909350405e-10
149,1.1191102729908647e-10,-1.9374641189034372e-10,6.831651641344399e-10
150,9.437413184175581e-11,-1.6338780881654673e-10,5.761160494718432e-10
151,7.958535547389172e-11,-1.3778607824830615e-10,4.858408862165735e-10
152,6.711405016345695e-11,-1.1619588806563961e-10,4.0971133892896794e-10
153,5.65970540708149e-11,-9.798868458802161e-11,3.4551090107829027e-10
154,4.772811570810101e-11,-8.263439664648629e-11,2.913703682440326e-10
155,4.0248975489853773e-11,-6.968600592908364e-11,2.4571342119903434e-10
156,3.394184492885598e-11,-5.876653460425757e-11,2.0721073497136153e-10
157,2.8623064440230942e-11,-4.955807155232224e-11,1.7474127811281897e-10
158,2.413775504536991e-11,-4.179251784762217e-11,1.473596756630937e-10
159,2.035530821537523e-11,-3.5243782157484136e-11,1.2426868578163288e-10
160,1.716558250473848e-11,-2.972119891313333e-11,1.0479598885564917e-10
161,1.4475696211088178e-11,-2.5063977689105273e-11,8.83746134133417e-11
162,1.2207322655705864e-11,-2.1136522236060877e-11,7.452642902895675e-11
163,1.029440931779418e-11,-1.7824482920032915e-11,6.284822568005847e-11
164,8.68125439959563e-12,-1.503142766508763e-11,5.2999974305485596e-11
165,7.320884808976101e-12,-1.2676034497014995e-11,4.469492680542057e-11
166,6.173688324212153e-12,-1.0689723966592744e-11,3.769126727097892e-11
167,5.2062601081401545e-12,-9.01466253383624e-12,3.178507138759282e-11
168,4.390429981149412e-12,-7.602078791921768e-12,2.6804369038463077e-11
169,3.702442126545026e-12,-6.410843515299477e-12,2.2604137250073028e-11
170,3.122263340888405e-12,-5.406272195840082e-12,1.9062077705704984e-11
171,2.6329996853341738e-12,-4.559115207136671e-12,1.6075055893360667e-11
172,2.2204045507471762e-12,-3.844706198763467e-12,1.355609821640785e-11
173,1.872463811440737e-12,-3.242243928314249e-12,1.1431859639247654e-11
174,1.5790459872571315e-12,-2.7341866234460327e-12,9.640488139080199e-12
175,1.331607226792046e-12,-2.3057412419848745e-12,8.129823787321711e-12
176,1.1229425209787159e-12,-1.9444327607492456e-12,6.855880026616549e-12
177,9.469759024868857e-13,-1.6397409535162151e-12,5.7815629252531786e-12
178,7.985835216623613e-13,-1.3827940833058996e-12,4.875591119385875e-12
179,6.734444470962057e-13,-1.1661105910770524e-12,4.111584996418744e-12
180,5.679148462489081e-13,-9.833812602391608e-13,3.467298600340262e-12
181,4.78921882374973e-13,-8.292855147668535e-13,2.9239718951733886e-12
182,4.0387423812385135e-13,-6.993365024516002e-13,2.4657845269488074e-12
183,3.40586660353247e-13,-5.897504528708262e-13,2.0793951798030653e-12
184,2.872163289797792e-13,-4.973365063909629e-13,1.75355311391897e-12
185,2.422091969994892e-13,-4.194038065218403e-13,1.4787705746627406e-12
186,2.042547391631218e-13,-3.5368315055532214e-13,1.2470465345933696e-12
187,1.722477916437063e-13,-2.9826091728291744e-13,1.0516337246295242e-12
188,1.4525637151684625e-13,-2.515233480346548e-13,8.868421710777454e-13
189,1.2249453900010273e-13,-2.1210955872082965e-13,7.478735181407171e-13
190,1.032995122374779e-13,-1.788719147649819e-13,6.306813118868626e-13
191,8.71123682441877e-14,-1.508426151913456e-13,5.31853177572352e-13
192,7.34617680515391e-14,-1.2720551291416978e-13,4.4851145966571285e-13
193,6.195023215259927e-14,-1.0727235073300373e-13,3.7822943149922377e-13
194,5.22425666107393e-14,-9.04627211058815e-14,3.189606348085663e-13
195,4.405610281749955e-14,-7.628716619446595e-14,2.6897929172436946e-13
196,3.715246669713504e-14,-6.433292610826767e-14,2.2683005417501532e-13
197,3.1330637690471677e-14,-5.425192038106871e-14,1.9128562753748292e-13
198,2.6421095407159706e-14,-4.5750612736595347e-14,1.6131103464839863e-13
199,2.2280883506655673e-14,-3.85814640354697e-14,1.3603347963610753e-13
200,1.8789447076538106e-14,-3.2535724538059543e-14,1.1471693408543626e-13
201,1.5845122299779902e-14,-2.7437355614409627e-14,9.674070554774958e-14
202,1.3362176196199347e-14,-2.3137903918393155e-14,8.158136436510286e-14
203,1.1268310240567802e-14,-1.9512178776061816e-14,6.87975025615822e-14
204,9.502555167168925e-15,-1.6454606925363392e-14,5.801688101774805e-14
205,8.013495661291741e-15,-1.3876158466884088e-14,4.8925590684667474e-14
206,6.757773243882378e-15,-1.1701754517299525e-14,4.125891223785041e-14
207,5.69882375608238e-15,-9.868081083046527e-15,3.479360802557647e-14
208,4.8058126815195025e-15,-8.321745499739888e-15,2.934142187111588e-14
209,4.052737304901991e-15,-7.017721757444872e-15,2.4743597458048765e-14
210,3.4176695634427904e-15,-5.9180394435029545e-15,2.0866255686586757e-14
211,2.8821175443618912e-15,-4.990678128113106e-15,1.759649640000096e-14
212,2.4304870364734998e-15,-4.20863499983401e-15,1.48391109721823e-14
213,2.0496274572566043e-15,-3.5491386027699188e-15,1.2513810034259004e-14
214,1.7284489336662225e-15,-2.992985781317561e-15,1.0552885617808468e-14
215,1.4575993868078181e-15,-2.5239825258507234e-15,8.899239641431262e-15
216,1.2291922177979502e-15,-2.1284724380605803e-15,7.504721334545686e-15
217,1.0365766655458917e-15,-1.794939085942611e-15,6.328725187817621e-15
218,8.741441497169587e-16,-1.5136706699108902e-15,5.337008605577867e-15
219,7.371649599587083e-16,-1.2764772358732474e-15,4.500694832820809e-15
220,6.216505360966062e-16,-1.0764522011453345e-15,3.795432124170347e-15
221,5.242373291659654e-16,-9.077712493687024e-16,3.200684671607144e-15
222,4.4208886153959e-16,-7.655227386974788e-16,2.6991346442907376e-15
223,3.7281313433321667e-16,-6.455646851127578e-16,2.2761779291442254e-15
224,3.143929771539843e-16,-5.444041565314043e-16,1.919498889236872e-15
225,2.651273121131363e-16,-4.590955659279746e-16,1.6187117578293878e-15
226,2.2358162182637943e-16,-3.8715490198554184e-16,1.3650582262264447e-15
227,1.8854617912753478e-16,-3.264873998567269e-16,1.1511524198343691e-15
228,1.5900082222706305e-16,-2.75326545962643e-16,9.707658366579578e-16
229,1.3408524963761536e-16,-2.321826407798054e-16,8.186459860964408e-16
230,1.1307396991356333e-16,-1.9579942187284237e-16,6.903634471773926e-16
231,9.53551767905124e-17,-1.6511748412771715e-16,5.821828928824796e-16
232,8.041293461072905e-17,-1.3924343205998482e-16,4.909543250619067e-16
233,6.781215530942138e-17,-1.174238659783109e-16,4.140213529222674e-16
234,5.718592952155684e-17,-9.90234445350007e-17,3.4914384434825124e-16
235,4.822484291623793e-17,-8.350638489098953e-17,2.944326978238168e-16
236,4.066796667155902e-17,-7.042086181877156e-17,2.482948356455404e-16
237,3.429525975051995e-17,-5.938585147768339e-17,2.0938681674418156e-16
238,2.892116174741918e-17,-5.008003677965684e-17,1.7657571841472412e-16
239,2.4389189741198752e-17,-4.2232451292731973e-17,1.4890614791145675e-16
240,2.0567381826898837e-17,-3.5614589252193845e-17,1.2557242335321965e-16
241,1.734445464996181e-17,-3.003375193918218e-17,1.0589511390398706e-16
242,1.462656305846735e-17,-2.5327436687062273e-17,8.930125612656272e-17
243,1.233456752085411e-17,-2.1358605134993988e-17,7.530767045033174e-17
244,1.0401729741801542e-17,-1.801169294998667e-17,6.350689196242869e-17
245,8.771769377221243e-18,-1.518924482875182e-17,5.355530585586588e-17
246,7.397225263791509e-18,-1.2809076797518657e-17,4.516314206298237e-17
247,6.2380734453241914e-18,-1.0801883181804189e-17,3.808603773833061e-17
248,5.260561755662968e-18,-9.109218566000558e-18,3.2117921907675035e-17
249,4.436227023504747e-18,-7.681795981573718e-18,2.7085015098604674e-17
250,3.7410662821208275e-18,-6.478051770593757e-18,2.2840769234157922e-17
251,3.154837851268722e-18,-5.462935336354693e-18,1.926160044946747e-17
252,2.660471940203271e-18,-4.6068885410923384e-18,1.6243290579728865e-17
253,2.243573609730653e-18,-3.8849850329433246e-18,1.3697952538096657e-17
254,1.8920036205589585e-18,-3.276204441100475e-18,1.1551471221504878e-17
255,1.5955249630916274e-18,-2.7628203052056785e-18,9.741345428756912e-18
256,1.3455047763218897e-18,-2.329883916729935e-18,8.214867951931015e-18
257,1.1346629763057303e-18,-1.9647890428515015e-18,6.927590849044509e-18
258,9.568602747800312e-19,-1.6569048584763309e-18,5.84203120982819e-18
259,8.069194154544084e-19,-1.3972663981271175e-18,4.926579729137463e-18
260,6.804744227371862e-19,-1.1783135142885966e-18,4.154580307863713e-18
261,5.738434733217666e-19,-9.936707412059864e-19,3.5035538811855604e-18
262,4.839216889098076e-19,-8.379616542170635e-19,2.9545438736170008e-18
263,4.080907284110787e-19,-7.0665231913815e-19,2.4915642218214486e-18
264,3.441425471268492e-19,-5.959192732675282e-19,2.101133892737919e-18
265,2.9021510293771794e-19,-5.025381938806744e-19,1.7718843431237755e-18
266,2.447381373895314e-19,-4.2379001246945647e-19,1.4942284905344556e-18
267,2.063874529317857e-19,-3.5738174096210918e-19,1.2600815568411644e-18
268,1.7404635495378105e-19,-3.013797045438291e-19,1.0626256558156607e-18
269,1.467731358882749e-19,-2.5415323695288795e-19,8.961112700487862e-19
270,1.2377365458523265e-19,-2.143271987732361e-19,7.556898366100598e-19
271,1.043782125222759e-19,-1.8074193615235062e-19,6.372725666831085e-19
272,8.802205353365875e-20,-1.5241951402319608e-19,5.374113882887479e-19
273,7.422891924917116e-20,-1.2853524061001224e-19,4.531985453886583e-19
274,6.259718141048421e-20,-1.0839365406911898e-19,3.8218192989810523e-19
275,5.278814726593079e-20,-9.140827204427025e-20,3.2229368124765074e-19
276,4.4516197520384107e-20,-7.708451448454435e-20,2.7178997445634694e-19
277,3.754046967720921e-20,-6.50053024717424e-20,2.2920024346755765e-19
278,3.165784460796542e-20,-5.481891372425233e-20,1.9328436123288202e-19
279,2.6697032132905855e-20,-4.622874115418854e-20,1.629965297148726e-19
280,2.2513583396297947e-20,-3.898465626768302e-20,1.3745482835846175e-19
281,1.8985684806987583e-20,-3.2875725927991314e-20,1.159155343438381e-19
282,1.6010611072234338e-20,-2.7724070408265773e-20,9.775146687854417e-20
283,1.350173404431274e-20,-2.3379683892897934e-20,8.24337249582057e-20
284,1.1386000283522503e-20,-1.97160666108887e-20,6.951628683636054e-20
285,9.601803889327352e-21,-1.6626541417790316e-20,5.862302277105352e-20
286,8.097192660753382e-21,-1.4021147572523703e-20,4.943674288560619e-20
287,6.828355353054421e-21,-1.1824021262123154e-20,4.1689961239297094e-20
288,5.758345982608408e-21,-9.97118660057721e-21,3.515710717635676e-20
289,4.856008034374883e-21,-8.408692780111576e-21,2.964795716357047e-20
290,4.095067247003885e-21,-7.091043132519653e-21,2.500209586470038e-20
291,3.45336655932792e-21,-5.9798703579772625e-21,2.1084245169505643e-20
292,2.912220941421225e-21,-5.04281934667868e-21,1.778032516805369e-20
293,2.4558733242076492e-21,-4.2526050633146985e-21,1.4994132373869384e-20
294,2.071035785384328e-21,-3.5862180618900654e-21,1.2644538472467605e-20
295,1.746502631920407e-21,-3.0242544970750595e-21,1.0663128028484219e-20
296,1.4728241128733432e-21,-2.550351123373786e-21,8.992206366200781e-21
297,1.2420312616979305e-21,-2.15070883042507e-21,7.583119616961935e-21
298,1.047403856010894e-21,-1.813690840745353e-21,6.3948380166615646e-21
299,8.8327473826731e-22,-1.5294838702425943e-21,5.392761201770473e-21
300,7.448647995615373e-22,-1.2898123851790074e-21,4.5477107165417974e-21
301,6.281438216136927e-22,-1.087697635321905e-21,3.835080395233547e-21
302,5.297131249409427e-22,-9.17254446814172e-22,3.2341198801914674e-21
303,4.467066061649827e-22,-7.735198577827417e-22,2.7273304132902193e-21
304,3.7670728286167395e-22,-6.523086068997062e-22,2.299955307389328e-21
305,3.1767691590715244e-22,-5.5009126701450285e-22,1.939550261369297e-21
306,2.678966600650498e-22,-4.638914753543959e-22,1.6356210071810003e-21
307,2.259170146796094e-22,-3.911992678440159e-22,1.3793177379276923e-21
308,1.905156171398066e-22,-3.2989799401417523e-22,1.1631774193375805e-21
309,1.6066165014527375e-22,-2.7820268440952895e-22,9.80906481257496e-22
310,1.3548582638538192e-22,-2.3460807587832737e-22,8.271975615846329e-22
311,1.1425507664586682e-22,-1.9784478134554015e-22,6.975749665860088e-22
312,9.6351204311713e-23,-1.668423278215548e-22,5.882643477241323e-22
313,8.125288472846205e-23,-1.406979863878263e-22,4.960828002400691e-22
314,6.852048527964912e-23,-1.1865048655153224e-22,4.183461833864644e-22
315,5.778326417163584e-23,-1.0005784958426202e-22,3.5279096366266737e-22
316,4.872857518027131e-23,-8.437869539627352e-23,2.9750830528434294e-22
317,4.10927640233743e-23,-7.115647864020166e-23,2.5088848873524437e-22
318,3.465349127976073e-23,-6.000619503135686e-23,2.1157403898169052e-22
319,2.922325831370244e-23,-5.0603170799473105e-23,1.7842019853728413e-22
320,2.4643947692794242e-23,-4.2673608843351983e-23,1.5046159443374888e-22
321,2.0782219127206953e-23,-3.598661631149521e-23,1.2688412850713555e-22
322,1.752562686936311e-23,-3.03474814679537e-23,1.0700127250118353e-22
323,1.4779345520544116e-23,-2.5592004079286824e-23,9.023407774909606e-23
324,1.2463408906520013e-23,-2.158171423493599e-23,7.609431735607596e-23
325,1.0510381623829077e-23,-1.8199840382704924e-23,6.417027001676032e-23
326,8.863395456830758e-24,-1.5347909176671932e-23,5.411473152122005e-23
327,7.474493489956353e-24,-1.294287813196362e-23,4.5634904868603943e-23
328,6.3032336990458724e-24,-1.0914717595079992e-23,3.848387460900181e-23
329,5.315511361166926e-24,-9.204371621623931e-24,3.245341716352435e-23
330,4.48256599386448e-24,-7.76203838630717e-24,2.7367937773647464e-23
331,3.780143907915259e-24,-6.545720054240383e-24,2.3079357535970556e-23
332,3.1877919888118662e-24,-5.5199998886841466e-24,1.9462801643214225e-23
333,2.6882621433176973e-24,-4.655010987104915e-24,1.6412963281677267e-23
334,2.2670090697775352e-24,-3.925566617209817e-24,1.3841037309202774e-23
335,1.911766728268048e-24,-3.310426830099675e-24,1.1672134428544753e-23
336,1.612191178253135e-24,-2.791679995794424e-24,9.843100562071734e-24
337,1.3595593838969945e-24,-2.354221252692758e-24,8.30067793239296e-24
338,1.1465152168530547e-24,-1.9853126844661595e-24,6.999954303295682e-24
339,9.668552606422404e-25,-1.6742124176255353e-24,5.903055226003648e-24
340,8.153481796760718e-25,-1.4118618398296396e-24,4.978041211613599e-24
341,6.875823933148078e-25,-1.1906218313632804e-24,4.197977717596108e-24
342,5.798376195364254e-25,-1.0040503293779281e-24,3.540150868238391e-24
343,4.889765478271553e-25,-8.467147480140188e-25,2.985406072392647e-24
344,4.123534870266111e-25,-7.140337924572407e-25,2.517590280413176e-24
345,3.4773732813699557e-25,-6.021440608731556e-25,2.1230816399280876e-24
346,2.932465789287565e-25,-5.077875499375383e-25,1.790392854971608e-24
347,2.4729457868143606e-25,-4.282167883503489e-25,1.5098366990917375e-24
348,2.0854329782344965e-25,-3.6111483601260235e-25,1.2732439428547878e-24
349,1.758643772094831e-25,-3.0452781940351357e-25,1.0737254823590463e-24
350,1.483062725778463e-25,-2.568080387241568e-25,9.054717424232907e-25
351,1.2506654750063742e-25,-2.1656599020241317e-25,7.635835134744374e-25
352,1.0546850805330843e-25,-1.8262990654548585e-25,6.439292964453287e-25
353,8.894149885233247e-26,-1.5401163743956007e-25,5.430250018543884e-25
354,7.500428672132789e-26,-1.2987787660557073e-25,4.579325001465964e-25
355,6.325104815150836e-26,-1.095258976009717e-25,3.8617406928656313e-25
356,5.333955253956838e-26,-9.236309184298979e-26,3.256602484898076e-25
357,4.498119712272286e-26,-7.788971304186865e-26,2.746289973388074e-25
358,3.7932603448306454e-26,-6.568432559680047e-26,2.315943887196873e-25
359,3.1988530684075567e-26,-5.539153324118242e-26,1.9530334162150755e-25
360,2.6975899419101437e-26,-4.6711630620096775e-26,1.6469913394441292e-25
361,2.2748751940389123e-26,-3.9391876474821616e-26,1.3889063288331043e-25
362,1.9184002238641603e-26,-3.3219134327105347e-26,1.171263469377597e-25
363,1.61778519919079e-26,-2.8013666374773636e-26,9.877254399515914e-26
364,1.3642768167787433e-26,-2.3623899889425346e-26,8.329479832968651e-26
365,1.1504934238062548e-26,-1.992201372427317e-26,7.02424292030272e-26
366,9.702100790269504e-27,-1.6800216420138637e-26,5.923537795015869e-26
367,8.181772950351707e-27,-1.4167607535554523e-26,4.995314143757626e-26
368,6.899681837798379e-27,-1.194753080923722e-26,4.2125439658403496e-26
369,5.818495545125324e-27,-1.0075342084358314e-26,3.552434572370273e-26
370,4.906732108019683e-27,-8.496527001071952e-27,2.995764909115487e-26
371,4.137842814031785e-27,-7.165113648300527e-27,2.5263258781705106e-26
372,3.489439157611901e-27,-6.042333954400105e-27,2.1304483617168065e-26
373,2.942640931981617e-27,-5.0954948391014866e-27,1.7966052048788448e-26
374,2.4815264755899257e-27,-4.2970262569480844e-27,1.515075568222694e-26
375,2.092669065439532e-27,-3.623678413175422e-27,1.2776618765167204e-26
376,1.764745957992119e-27,-3.0558447765776887e-27,1.0774511218732308e-26
377,1.488208693712174e-27,-2.5769911768613804e-27,9.086135709008584e-27
378,1.2550050651825732e-27,-2.173174362952422e-27,7.66233014626036e-27
379,1.0583446530642215e-27,-1.832636003645598e-27,6.461636184024837e-27
380,8.925011027797839e-28,-1.5454603087140039e-27,5.449092035674537e-27
381,7.526453846172713e-28,-1.3032853010957597e-27,4.595214457703276e-27
382,6.347051821239791e-28,-1.0990593329863765e-27,3.8751402571365944e-27
383,5.352463144644097e-28,-9.268357560764193e-28,3.267902325495812e-27
384,4.513727400003798e-28,-7.8159976714590805e-28,2.7558191188855623e-27
385,3.8064222939923308e-28,-6.591223871083881e-28,2.32397980709608e-27
386,3.2099525284114443e-28,-5.558373216689195e-28,1.9598101002993807e-27
387,2.706950106644157e-28,-4.687371180266934e-28,1.6527061110891487e-27
388,2.2827686126209575e-28,-3.9528559391488736e-28,1.393725590665141e-27
389,1.9250567367226634e-28,-3.3334398908801603e-28,1.1753275485833169e-27
390,1.6233986305543644e-28,-2.811086889370234e-28,9.911526743219686e-28
391,1.3690106184467765e-28,-2.3705870686938895e-28,8.358381669856054e-28
392,1.154485434535601e-28,-1.999113962470734e-28,7.048615813580549e-28
393,9.735765381185003e-29,-1.6858510230325308e-28,5.944091434186751e-28
394,8.210162269878284e-29,-1.4216766653698605e-28,5.012647009345574e-28
395,6.923622525662142e-29,-1.1988986649730162e-28,4.227160755937949e-28
396,5.838684705870933e-29,-1.0110301757679162e-28,3.564760898428867e-28
397,4.923757609288691e-29,-8.52600846241063e-29,3.0061596888920538e-28
398,4.1522004040826497e-29,-7.189975338360489e-29,2.5350917866897414e-28
399,3.5015469005093613e-29,-6.06329979546074e-29,2.137840644556877e-28
400,2.9528513807790497e-29,-5.11317531417522e-29,1.8028391104082769e-28
401,2.490136937963165e-29,-4.3119361858147496e-29,1.5203326151990126e-28
402,2.099930260686761e-29,-3.6362519428961515e-29,1.282095139545888e-28
403,1.770869317474156e-29,-3.0664480229819015e-29,1.0811896886339738e-28
404,1.4933725173072247e-29,-2.585932885101519e-29,9.117663009178372e-29
405,1.2593597130190656e-29,-2.1807148975402145e-29,7.688917090392381e-29
406,1.0620169237045002e-29,-1.838994929741603e-29,6.484056930314083e-29
407,8.955979253385067e-30,-1.5508227854223275e-29,5.467999431036411e-29
408,7.552569323215611e-30,-1.3078074729237916e-29,4.6111590473597214e-29
409,6.369074979759257e-30,-1.1028728764579753e-29,3.888586315382512e-29
410,5.3710352545992056e-30,-9.300517138867525e-30,3.2792413744302294e-29
411,4.529389243779642e-30,-7.843117815008096e-30,2.7653813287456875e-29
412,3.8196299128923934e-30,-6.614094263965531e-30,2.3320436101487287e-29
413,3.221090501660611e-30,-5.577659798621328e-30,1.9666102982269648e-29
414,2.7163427495601286e-30,-4.7036355376199046e-30,1.6584407119407474e-29
415,2.2906894200221885e-30,-3.966571657208147e-30,1.3985615744523753e-29
416,1.931736346545856e-30,-3.345006343694795e-30,1.17940572940099e-29
417,1.6290315395660217e-30,-2.8208408687197923e-30,9.945918005708906e-30
418,1.3737608455967734e-30,-2.3788125907858646e-30,8.387383790862319e-30
419,1.1584912968582109e-30,-2.0060505379197375e-30,7.073073276377655e-30
420,9.769546782454702e-31,-1.691700630926373e-30,5.9647163907668554e-30
421,8.238650095465745e-31,-1.4266096344932538e-30,5.0300400168483366e-30
422,6.94764628359388e-31,-1.203058633438283e-30,4.24182826366428e-30
423,5.858943919526552e-31,-1.0145382734671472e-30,3.5771299946229275e-30
424,4.940842186110896e-31,-8.555592219042897e-31,3.0165905366892666e-30
425,4.166607812492244e-31,-7.21492329396257e-31,2.5438881113411095e-30
426,3.513696655182322e-31,-6.084338384185713e-31,2.1452585772958178e-30
427,2.9630972580677624e-31,-5.13091713729694e-31,1.809094646476242e-30
428,2.498777277150319e-31,-4.3268978494414785e-31,1.5256079031901885e-30
429,2.1072166510235944e-31,-3.6488691004985497e-31,1.286543785207576e-30
430,1.7770139239520389e-31,-3.077088060743496e-31,1.0849412275559805e-30
431,1.498554258474324e-31,-2.594905619463432e-31,9.149299703474472e-31
432,1.2637294707276201e-31,-2.1882815964311135e-31,7.715596286498724e-31
433,1.0657019364860527e-31,-1.8453759201728754e-31,6.506555472614144e-31
434,8.987054933333227e-32,-1.5562038689663117e-31,5.486972431707554e-31
435,7.578775416423016e-32,-1.3123453358808551e-31,4.627158961917836e-31
436,6.391174554807646e-32,-1.1066996522455723e-31,3.9020790290706983e-31
437,5.389671806543617e-32,-9.332788304980565e-32,3.2906197678588347e-31
438,4.5451054314265306e-32,-7.870332060631596e-32,2.774976717783898e-31
439,3.8328833599296336e-32,-6.637044013046913e-32,2.3401353931734994e-31
440,3.2322671217363836e-32,-5.597013301569236e-32,1.9734340916404585e-31
441,2.72576798331003e-32,-4.7199563294084093e-32,1.6641952108452568e-31
442,2.2986377112441995e-32,-3.9803349663786616e-32,1.4034143382503672e-31
443,1.938439133450258e-32,-3.3566129300527576e-32,1.1834980607872136e-31
444,1.6346839937893066e-32,-2.8306286926519683e-32,9.98042859981917e-32
445,1.3785275552060673e-32,-2.3870666539852265e-32,8.416486544121207e-32
446,1.1625110588238506e-32,-2.0130111820599776e-32,7.097615602266025e-32
447,9.803445399288607e-33,-1.6975705359267192e-32,5.985412912316746e-32
448,8.267236768832826e-33,-1.4315597201489648e-32,5.047493375027536e-32
449,6.971753399769124e-33,-1.2072330362603838e-32,4.256546665063124e-32
450,5.8792734291139054e-33,-1.0180585436469304e-32,3.589542009405888e-32
451,4.957986043429119e-33,-8.5852786260975e-33,3.027057577694482e-32
452,4.181065212090798e-33,-7.239957814576186e-33,2.55271495769297e-32
453,3.5258885673798956e-33,-6.105449973109295e-33,2.1527022489584866e-32
454,2.9733786867589888e-33,-5.148720521422314e-33,1.8153718881558366e-32
455,2.507447596803205e-33,-4.341911427408671e-33,1.530901495504429e-32
456,2.114528323860208e-33,-3.661530037418725e-33,1.291007866888844e-32
457,1.7831798511392653e-33,-3.0877650175653136e-33,1.0887057836595694e-32
458,1.5037539793764813e-33,-2.6039094876363462e-33,9.181046171547189e-33
459,1.2681143907306347e-33,-2.1958745504373973e-33,7.742368054732657e-33
460,1.06939973561694e-33,-1.8517790515197975e-33,6.52913208090797e-33
461,9.01823844045079e-34,-1.5616036239249244e-33,5.506011265362563e-33
462,7.605072440185898e-34,-1.3168989444253777e-33,4.6432143933718186e-33
463,6.413350811512177e-34,-1.1105397062731481e-33,3.915618560107849e-33
464,5.408373024060063e-34,-9.365171446373902e-34,3.302037642316542e-33
465,4.560876151492445e-34,-7.897640734909909e-34,2.7846054011390748e-33
466,3.846182794107041e-34,-6.660073393729328e-34,2.3482552532662018e-33
467,3.2434825227263252e-34,-5.616433957775783e-34,1.98028156242053e-33
468,2.7352259209701916e-34,-4.736333751480416e-34,1.6699696768519204e-33
469,2.306613581644546e-34,-3.994146031817024e-34,1.4082839402877644e-33
470,1.9451651778511704e-34,-3.3682597892290014e-34,1.1876045918456752e-33
471,1.64035606103869e-34,-2.8404504786160285e-34,1.0015058939639409e-33
472,1.3833108044628222e-34,-2.3953493573358943e-34,8.445690278830108e-34
473,1.1665447686594937e-34,-2.0199959784143492e-34,7.1222430857204295e-34
474,9.837461638386273e-35,-1.7034608084677693e-34,6.006181247167255e-34
475,8.29592263295036e-35,-1.436526981733647e-34,5.0650072932992415e-34
476,6.995944163416088e-35,-1.2114219235281145e-34,4.271316136733725e-34
477,5.899673478539847e-35,-1.0215910285468344e-34,3.601997091703904e-34
478,4.975189386930559e-35,-8.615068039778279e-35,3.0375609374969437e-34
479,4.1955727763348537e-35,-7.265079200586043e-35,2.5615724316541816e-34
480,3.5381227833785416e-35,-6.126634815544229e-35,2.1601717488564813e-34
481,2.9836957902081587e-35,-5.166585680168625e-35,1.8216709107633359e-34
482,2.516148000947813e-35,-4.3569770998587573e-35,1.5362134556561292e-34
483,2.121865366921999e-35,-3.6742349055699944e-35,1.2954874381508632e-34
484,1.7893671730148834e-35,-3.098479021555235e-35,1.0924834021127802e-34
485,1.508971742400363e-35,-2.6129445976531866e-35,9.212902794299471e-35
486,1.2725145256388614e-35,-2.2034938506629055e-35,7.769232716310432e-35
487,1.073110365463864e-35,-1.8582044006099844e-35,6.551787026075939e-35
488,9.049530148882574e-36,-1.5670221150866937e-35,5.525116160433291e-35
489,7.63146071002072e-36,-1.321468353193385e-35,4.659325534359982e-35
490,6.435604015947833e-36,-1.1143930846151647e-35,3.929205070945843e-35
491,5.427139131529576e-36,-9.397666951592625e-36,3.3134951347986446e-35
492,4.5767015931979693e-36,-7.925044165502377e-36,2.7942674943387594e-35
493,3.8595283749944e-36,-6.683182682327277e-36,2.356403287851022e-35
494,3.2547368391956675e-36,-5.63592200025649e-36,1.9871527927247684e-35
495,2.7447166760194596e-36,-4.75276800033754e-36,1.6757641792440233e-35
496,2.3146171269198594e-36,-4.0080050192327904e-36,1.4131704389913515e-35
497,1.951914560449428e-36,-3.379947060966238e-36,1.191725371847828e-35
498,1.6460478093690416e-36,-2.8503063444568903e-36,1.0049809440674836e-35
499,1.3881106507575674e-36,-2.4036608002164047e-36,8.474995345385304e-36
